<?xml version="1.0"?>
<mimodeksettings>
<setting name="activeMimoDecorator">false</setting>
<setting name="mimosMaxRadius">65.02441</setting>
<setting name="radiScale">0.7</setting>
<setting name="showSprings">true</setting>
<setting name="activeTexture">1</setting>
<setting name="Simulation_GUI_y">300</setting>
<setting name="Simulation_GUI_x">350</setting>
<setting name="Style_GUI_height">250</setting>
<setting name="mimosColor">11.25</setting>
<setting name="activeMimoCount">0</setting>
<setting name="dotSize">2.02</setting>
<setting name="springStrength">0.22</setting>
<setting name="springDamping">0.0175</setting>
<setting name="Behaviour_GUI_height">250</setting>
<setting name="textureMode">3</setting>
<setting name="gradientFunction">1</setting>
<setting name="blackToColor">true</setting>
<setting name="Behaviour_GUI_width">310</setting>
<setting name="blobDistanceThreshold">0.0</setting>
<setting name="edgeDetection">3.0</setting>
<setting name="haloStrength">1.0</setting>
<setting name="Weather_GUI_open">true</setting>
<setting name="Style_GUI_width">310</setting>
<setting name="Simulation_GUI_height">250</setting>
<setting name="mimosMinLifeTime">10</setting>
<setting name="maxSpeed">10.0</setting>
<setting name="System Info_GUI_width">310</setting>
<setting name="seedFixed">true</setting>
<setting name="System Info_GUI_open">true</setting>
<setting name="Weather_GUI_height">250</setting>
<setting name="temperatureColor">-16451603</setting>
<setting name="mimosMinRadius">20.0</setting>
<setting name="Behaviour_GUI_open">true</setting>
<setting name="ancestorMimoAttract">3.7333336</setting>
<setting name="Weather_GUI_width">310</setting>
<setting name="Tracking_GUI_height">250</setting>
<setting name="trackingOn">true</setting>
<setting name="showGUI">true</setting>
<setting name="Active Mimo_GUI_open">true</setting>
<setting name="deadMimo1Count">0</setting>
<setting name="pause">false</setting>
<setting name="Style_GUI_y">299</setting>
<setting name="preview">false</setting>
<setting name="Style_GUI_x">350</setting>
<setting name="System Info_GUI_height">250</setting>
<setting name="Active Mimo_GUI_width">310</setting>
<setting name="ancestorTexture">0</setting>
<setting name="Data_GUI_y">30</setting>
<setting name="Data_GUI_x">350</setting>
<setting name="Tracking_GUI_open">true</setting>
<setting name="pollutionScore">ACCEPTABLE</setting>
<setting name="Weather_GUI_y">30</setting>
<setting name="Weather_GUI_x">350</setting>
<setting name="Simulation_GUI_open">true</setting>
<setting name="Style_GUI_open">true</setting>
<setting name="Active Mimo_GUI_height">250</setting>
<setting name="ancestorBrightness">255</setting>
<setting name="Tracking_GUI_y">30</setting>
<setting name="showOrganism">true</setting>
<setting name="Tracking_GUI_x">700</setting>
<setting name="Tracking_GUI_width">310</setting>
<setting name="mimosEasing">0.252</setting>
<setting name="Simulation_GUI_width">310</setting>
<setting name="deadMimo2Count">0</setting>
<setting name="maxCells">200</setting>
<setting name="ancestorScale">3.9333334</setting>
<setting name="activeMimoRepel">0.0</setting>
<setting name="tuioActivity">false</setting>
<setting name="mimosMaxLifeTime">90000</setting>
<setting name="Behaviour_GUI_y">300</setting>
<setting name="Behaviour_GUI_x">700</setting>
<setting name="Data_GUI_open">true</setting>
<setting name="gravY_Range">0.053</setting>
<setting name="System Info_GUI_y">30</setting>
<setting name="drawCircle">false</setting>
<setting name="System Info_GUI_x">700</setting>
<setting name="showAncestors">true</setting>
<setting name="ancestorCellCount">0</setting>
<setting name="maxDots">50</setting>
<setting name="Data_GUI_width">310</setting>
<setting name="Data_GUI_height">250</setting>
<setting name="Active Mimo_GUI_y">300</setting>
<setting name="Active Mimo_GUI_x">700</setting>
<setting name="gravX_Range">0.0</setting>
<setting name="showActiveMimos">true</setting>
<setting name="lastTemperature">14.8</setting>
</mimodeksettings>
